{
    "rmse": 0.7742980639050941,
    "mae": 0.6359186379423897,
    "r2_score": 0.05169816767933344
}